Player,height,weight,collage,born
Dragan Bender,216,102,,1997
Marquese Chriss,208,105,University of Washington,1997
Henry Ellenson,211,111,Marquette University,1997
Brandon Ingram,206,86,Duke University,1997
Thon Maker,216,97,,1997
Jamal Murray,193,93,University of Kentucky,1997
Georgios Papagiannis,216,108,,1997
Diamond Stone,211,115,University of Maryland,1997
Edy Tavares,211,115,,1997
Ivica Zubac,216,120,,1997
Devin Booker,198,93,University of Kentucky,1996
Tyus Jones,188,88,Duke University,1996
Kevon Looney,206,99,University of California; Los Angeles,1996
Emmanuel Mudiay,196,90,,1996
Xavier Munford,196,90,,1996
Myles Turner,211,110,University of Texas at Austin,1996
Rashad Vaughn,198,91,University of Nevada; Las Vegas,1996
Justise Winslow,201,102,Duke University,1996
Wade Baldwin,193,91,Vanderbilt University,1996
Malik Beasley,196,88,Florida State University,1996
Deyonta Davis,211,107,Michigan State University,1996
Cheick Diallo,206,99,University of Kansas,1996
Skal Labissiere,211,102,University of Kentucky,1996
Dejounte Murray,196,77,University of Washington,1996
Chinanu Onuaku,208,111,University of Louisville,1996
Malachi Richardson,198,92,Syracuse University,1996
Domantas Sabonis,211,108,Gonzaga University,1996
Tyler Ulis,178,68,University of Kentucky,1996
Stephen Zimmerman,213,108,University of Nevada; Las Vegas,1996
Bruno Caboclo,206,98,,1995
Clint Capela,206,98,,1995
Dante Exum,198,86,,1995
Aaron Gordon,206,99,University of Arizona,1995
Zach LaVine,196,85,University of California; Los Angeles,1995
Jabari Parker,203,113,Duke University,1995
Noah Vonleh,208,108,Indiana University,1995
T.J. Warren,208,108,,1995
Andrew Wiggins,203,90,University of Kansas,1995
C.J. Wilcox,203,90,,1995
James Young,198,97,University of Kentucky,1995
Cliff Alexander,203,111,University of Kansas,1995
Mario Hezonja,203,97,,1995
Rondae Hollis-Jefferson,201,99,University of Arizona,1995
Damien Inglis,203,111,,1995
Nikola Jokic,208,113,,1995
Trey Lyles,208,106,University of Kentucky,1995
Chris McCullough,211,90,Syracuse University,1995
Jahlil Okafor,211,124,Duke University,1995
Kelly Oubre,201,92,University of Kansas,1995
Bobby Portis,211,104,University of Arkansas,1995
Kristaps Porzingis,221,108,,1995
Karl-Anthony Towns,213,110,University of Kentucky,1995
Christian Wood,211,99,University of Nevada; Las Vegas,1995
Ben Bentil,206,106,Providence College,1995
Kay Felder,175,79,Oakland University,1995
Juan Hernangomez,206,104,,1995
Timothe Luwawu-Cabarrot,198,92,,1995
Patrick McCaw,201,83,University of Nevada; Las Vegas,1995
Jakob Poeltl,213,112,University of Utah,1995
Isaiah Whitehead,193,96,Seton Hall University,1995
Giannis Antetokounmpo,211,100,,1994
Archie Goodwin,196,90,University of Kentucky,1994
Jordan Adams,196,94,University of California; Los Angeles,1994
Tyler Ennis,190,87,Syracuse University,1994
Jerami Grant,203,95,Syracuse University,1994
Gary Harris,193,95,Michigan State University,1994
Nerlens Noel,211,103,University of Kentucky,1994
Jusuf Nurkic,213,127,,1994
Elfrid Payton,193,83,University of Louisiana at Lafayette,1994
Julius Randle,206,113,University of Kentucky,1994
Marcus Smart,193,99,Oklahoma State University,1994
Jarnell Stokes,206,119,University of Tennessee,1994
Sam Dekker,206,104,University of Wisconsin,1994
Jerian Grant,203,95,Syracuse University,1994
Montrezl Harrell,203,108,University of Louisville,1994
Aaron Harrison,198,95,University of Kentucky,1994
Jarell Martin,208,108,Louisiana State University,1994
T.J. McConnell,208,108,,1994
Jordan Mickey,203,106,Louisiana State University,1994
Cameron Payne,190,83,Murray State University,1994
Terry Rozier,188,86,University of Louisville,1994
D'Angelo Russell,188,86,,1994
DeAndre' Bembry,198,95,Saint Joseph's University,1994
Joel Bolomboy,206,106,Weber State University,1994
Kris Dunn,193,95,Providence College,1994
Joel Embiid,213,113,University of Kansas,1994
Marcus Georges-Hunt,196,97,Georgia Institute of Technology,1994
Andrew Harrison,198,96,University of Kentucky,1994
Willy Hernangomez,211,108,,1994
Demetrius Jackson,185,91,University of Notre Dame,1994
Jake Layman,206,95,University of Maryland,1994
Caris LeVert,201,92,University of Michigan,1994
Tim Quarterman,198,88,Louisiana State University,1994
Dario Saric,208,101,,1994
Wayne Selden,196,104,University of Kansas,1994
Pascal Siakam,206,104,New Mexico State University,1994
Isaiah Taylor,190,77,University of Texas at Austin,1994
Mike Tobey,213,117,University of Virginia,1994
Fred VanVleet,183,88,Wichita State University,1994
Taurean Waller-Prince,183,88,,1994
Paul Zipser,203,97,,1994
Bradley Beal,196,93,University of Florida,1993
Andre Drummond,211,126,University of Connecticut,1993
Maurice Harkless,206,97,St. John's University,1993
Michael Kidd-Gilchrist,201,105,University of Kentucky,1993
Marquis Teague,188,85,University of Kentucky,1993
Tony Wroten,198,92,University of Washington,1993
Steven Adams,213,115,University of Pittsburgh,1993
Anthony Bennett,203,111,University of Nevada; Las Vegas,1993
Kentavious Caldwell-Pope,196,92,University of Georgia,1993
Sergey Karasev,201,94,,1993
Alex Len,216,117,University of Maryland,1993
Ben McLemore,196,88,University of Kansas,1993
Otto Porter,203,89,Georgetown University,1993
Dennis Schroder,185,78,,1993
Adonis Thomas,201,90,University of Memphis,1993
Kyle Anderson,206,104,University of California; Los Angeles,1993
Spencer Dinwiddie,198,90,University of Colorado,1993
Grant Jerrett,208,106,University of Arizona,1993
Johnny O'Bryant,206,116,Louisiana State University,1993
Nik Stauskas,198,92,University of Michigan,1993
Justin Anderson,198,103,University of Virginia,1993
Willie Cauley-Stein,213,108,University of Kentucky,1993
Pat Connaughton,196,93,University of Notre Dame,1993
Branden Dawson,198,102,Michigan State University,1993
Darrun Hilliard,198,92,Villanova University,1993
Richaun Holmes,208,111,Bowling Green State University,1993
Frank Kaminsky,213,109,University of Wisconsin,1993
Luis Montero,201,83,Westchester CC,1993
Norman Powell,193,97,University of California; Los Angeles,1993
Josh Richardson,198,90,University of Tennessee,1993
Alex Abrines,198,86,,1993
Ron Baker,193,99,Wichita State University,1993
Nicolas Brussino,201,88,,1993
Quinn Cook,188,83,Duke University,1993
Yogi Ferrell,183,81,Indiana University,1993
Dorian Finney-Smith,203,99,University of Florida,1993
Bryn Forbes,190,86,Michigan State University,1993
Patricio Garino,198,95,George Washington University,1993
Treveon Graham,198,99,Virginia Commonwealth University,1993
A.J. Hammons,198,99,,1993
Buddy Hield,193,97,University of Oklahoma,1993
Danuel House,201,93,Texas A&M University,1993
Shawn Long,206,115,University of Louisiana at Lafayette,1993
Georges Niang,203,104,Iowa State University,1993
David Nwaba,193,94,California Polytechnic State University; San Luis Obispo,1993
Daniel Ochefu,211,111,Villanova University,1993
Alex Poythress,201,107,University of Kentucky,1993
Chasson Randle,188,83,Stanford University,1993
Jarrod Uthoff,206,100,University of Iowa,1993
Denzel Valentine,198,96,Michigan State University,1993
Bismack Biyombo,206,115,,1992
Kyrie Irving,190,87,Duke University,1992
Enes Kanter,211,111,,1992
D.J. Kennedy,211,111,,1992
Evan Fournier,201,92,,1992
Terrence Jones,206,114,University of Kentucky,1992
Jeremy Lamb,196,83,University of Connecticut,1992
Meyers Leonard,216,111,University of Illinois at Urbana-Champaign,1992
Quincy Miller,206,95,Baylor University,1992
Austin Rivers,193,90,Duke University,1992
Jared Sullinger,206,117,Ohio State University,1992
Jonas Valanciunas,213,120,,1992
Vander Blue,193,90,Marquette University,1992
Trey Burke,185,86,University of Michigan,1992
Allen Crabbe,198,95,University of California,1992
Rudy Gobert,216,111,,1992
Shane Larkin,180,79,University of Miami,1992
Ricky Ledo,201,88,,1992
Shabazz Muhammad,198,101,University of California; Los Angeles,1992
Victor Oladipo,193,95,Indiana University,1992
Cody Zeller,213,108,Indiana University,1992
Sim Bhullar,226,163,New Mexico State University,1992
Bojan Bogdanovic,198,92,,1992
Jabari Brown,193,97,University of Missouri,1992
Jordan Clarkson,196,87,University of Missouri,1992
Bryce Cotton,185,74,Providence College,1992
Rodney Hood,203,93,Duke University,1992
Nick Johnson,190,91,University of Arizona,1992
Tyler Johnson,193,84,California State University; Fresno,1992
Devyn Marble,198,90,University of Iowa,1992
James Michael,198,90,,1992
K.J. McDaniels,198,90,,1992
Doug McDermott,203,102,Creighton University,1992
Mitch McGary,208,115,University of Michigan,1992
Lucas Nogueira,213,109,,1992
Thanasis Antetokounmpo,201,92,,1992
Keith Appling,185,83,Michigan State University,1992
Coty Clarke,201,105,University of Arkansas,1992
Bryce Dejean-Jones,198,94,Iowa State University,1992
Cristiano Felicio,208,124,,1992
Raul Neto,185,81,,1992
J.J. O'Brien,185,81,,1992
Walter Tavares,221,117,,1992
Axel Toupane,201,89,,1992
Briante Weber,188,74,Virginia Commonwealth University,1992
Delon Wright,196,83,University of Utah,1992
Joe Young,188,81,University of Oregon,1992
Davis Bertans,208,95,,1992
Malcolm Brogdon,196,97,University of Virginia,1992
Jaylen Brown,193,97,University of Missouri,1992
Semaj Christon,190,86,Xavier University,1992
Michael Gbinije,201,90,Syracuse University,1992
Sheldon McClellan,196,90,University of Miami,1992
Maurice Ndour,206,90,Ohio University,1992
Okaro White,203,92,Florida State University,1992
Kyle Wiltjer,208,108,Gonzaga University,1992
Derrick Favors,208,120,Georgia Institute of Technology,1991
Xavier Henry,198,99,University of Kansas,1991
Alec Burks,198,97,University of Colorado,1991
Cory Joseph,190,87,University of Texas at Austin,1991
Kawhi Leonard,201,104,San Diego State University,1991
Darius Morris,193,86,University of Michigan,1991
Josh Selby,188,83,University of Kansas,1991
Trey Thompkins,206,107,University of Texas at Austin,1991
Tristan Thompson,206,107,University of Texas at Austin,1991
Jeremy Tyler,208,117,,1991
Will Barton,198,79,University of Memphis,1991
Jared Cunningham,193,88,Oregon State University,1991
John Jenkins,193,97,Vanderbilt University,1991
Perry Jones,211,106,Baylor University,1991
Doron Lamb,193,95,University of Kentucky,1991
Kendall Marshall,193,90,University of North Carolina,1991
Khris Middleton,203,106,Texas A&M University,1991
Thomas Robinson,208,107,University of Kansas,1991
Terrence Ross,201,93,University of Washington,1991
Tornike Shengelia,206,98,,1991
Dion Waiters,193,102,Syracuse University,1991
Maalik Wayns,188,90,Villanova University,1991
Reggie Bullock,201,92,University of North Carolina,1991
Isaiah Canaan,183,91,Murray State University,1991
Michael Carter-Williams,198,86,Syracuse University,1991
Ian Clark,190,79,Belmont University,1991
Troy Daniels,193,92,Virginia Commonwealth University,1991
Brandon Davies,208,108,Brigham Young University,1991
Jamaal Franklin,196,86,San Diego State University,1991
Solomon Hill,201,102,University of Arizona,1991
Ryan Kelly,211,104,Duke University,1991
Ray McCallum,190,86,University of Detroit Mercy,1991
C.J. McCollum,190,86,,1991
Mike Muscala,211,108,Bucknell University,1991
Nemanja Nedovic,190,87,,1991
Kelly Olynyk,213,107,Gonzaga University,1991
Phil Pressey,180,79,University of Missouri,1991
Tony Snell,201,90,University of New Mexico,1991
Hollis Thompson,203,93,Georgetown University,1991
Nate Wolters,193,86,South Dakota State University,1991
Furkan Aldemir,208,108,,1991
Jerrelle Benimon,203,111,Towson University,1991
Tarik Black,206,113,University of Kansas,1991
Will Cherry,183,83,University of Montana,1991
Jack Cooley,206,117,University of Notre Dame,1991
Andre Dawkins,196,97,Duke University,1991
Cleanthony Early,203,95,Wichita State University,1991
Langston Galloway,188,90,Saint Joseph's University,1991
Erick Green,193,83,Virginia Polytechnic Institute and State University,1991
Joe Harris,198,99,University of Virginia,1991
Alex Kirk,213,111,University of New Mexico,1991
Joffrey Lauvergne,211,99,,1991
Nikola Mirotic,208,99,,1991
Eric Moreland,208,107,Oregon State University,1991
Shabazz Napier,185,79,University of Connecticut,1991
Adreian Payne,208,107,Michigan State University,1991
Dwight Powell,211,108,Stanford University,1991
Russ Smith,183,74,University of Louisville,1991
David Stockton,180,74,Gonzaga University,1991
Shayne Whittington,211,113,Western Michigan University,1991
Rakeem Christmas,206,113,Syracuse University,1991
Duje Dukan,206,99,University of Wisconsin,1991
Jarell Eddie,201,98,Virginia Polytechnic Institute and State University,1991
Josh Huestis,201,104,Stanford University,1991
R.J. Hunter,201,104,,1991
Jordan McRae,198,83,University of Tennessee,1991
Lamar Patterson,196,102,University of Pittsburgh,1991
Pierre Jackson,178,81,Baylor University,1991
Rodney McGruder,193,92,Kansas State University,1991
Tomas Satoransky,201,95,,1991
Jrue Holiday,193,92,University of California; Los Angeles,1990
Al-Farouq Aminu,206,99,Wake Forest University,1990
Avery Bradley,188,81,University of Texas at Austin,1990
DeMarcus Cousins,211,122,University of Kentucky,1990
Paul George,206,99,California State University; Fresno,1990
Gordon Hayward,203,102,Butler University,1990
Greg Monroe,211,120,Georgetown University,1990
Lance Stephenson,196,104,University of Cincinnati,1990
John Wall,193,88,University of Kentucky,1990
Tyler Honeycutt,203,85,University of California; Los Angeles,1990
Reggie Jackson,190,94,Boston College,1990
Malcolm Lee,196,90,University of California; Los Angeles,1990
Travis Leslie,193,92,University of Georgia,1990
Shelvin Mack,190,92,Butler University,1990
Daniel Orton,208,115,University of Kentucky,1990
Ricky Rubio,193,87,,1990
Iman Shumpert,196,99,Georgia Institute of Technology,1990
Klay Thompson,201,97,Washington State University,1990
Jan Vesely,211,108,,1990
Nikola Vucevic,213,117,University of Southern California,1990
Quincy Acy,201,108,Baylor University,1990
Jae Crowder,198,106,Marquette University,1990
Draymond Green,201,104,Michigan State University,1990
John Henson,211,103,University of North Carolina,1990
DeQuan Jones,203,100,University of Miami,1990
Damian Lillard,190,88,Weber State University,1990
Scott Machado,185,92,Iona College,1990
Fab Melo,213,115,Syracuse University,1990
Darius Miller,203,106,University of Kentucky,1990
Donatas Motiejunas,213,100,,1990
Arnett Moultrie,211,112,Mississippi State University,1990
Kevin Murphy,196,83,Tennessee Technological University,1990
Kyle O'Quinn,208,113,Norfolk State University,1990
Henry Sims,208,112,Georgetown University,1990
Tyshawn Taylor,190,83,University of Kansas,1990
Tyler Zeller,213,114,University of North Carolina,1990
Chris Babb,196,102,Iowa State University,1990
Lorenzo Brown,196,85,North Carolina State University,1990
Robert Covington,206,97,Tennessee State University,1990
Seth Curry,188,83,Duke University,1990
Matthew Dellavedova,193,89,Saint Mary's College of California,1990
Gorgui Dieng,211,109,University of Louisville,1990
Carrick Felix,198,91,Arizona State University,1990
Justin Hamilton,213,117,Louisiana State University,1990
Ognjen Kuzmic,216,113,,1990
Erik Murphy,208,104,University of Florida,1990
James Nunnally,201,92,University of California; Santa Barbara,1990
Mason Plumlee,211,111,Duke University,1990
Peyton Siva,183,83,University of Louisville,1990
James Southerland,203,97,Syracuse University,1990
D.J. Stephens,203,97,,1990
Casper Ware,178,79,California State University; Long Beach,1990
Jeff Withey,213,104,University of Kansas,1990
Cameron Bairstow,206,113,University of New Mexico,1990
James Ennis,201,95,California State University; Long Beach,1990
Tim Frazier,185,77,Pennsylvania State University,1990
Drew Gordon,206,111,University of New Mexico,1990
JaMychal Green,206,102,University of Alabama,1990
P.J. Hairston,206,102,,1990
Cory Jefferson,206,98,Baylor University,1990
Sean Kilpatrick,193,95,University of Cincinnati,1990
Kostas Papanikolaou,203,102,,1990
David Wear,208,104,University of California; Los Angeles,1990
Travis Wear,208,104,University of California; Los Angeles,1990
Derrick Jones,203,100,University of Miami,1990
Nicolas Laprovittola,193,81,,1990
Marshall Plumlee,211,111,Duke University,1990
Michael Beasley,206,106,Kansas State University,1989
Kosta Koufos,213,120,Ohio State University,1989
Anthony Randolph,208,92,Louisiana State University,1989
DeJuan Blair,201,122,University of Pittsburgh,1989
DeMar DeRozan,201,100,University of Southern California,1989
Tyreke Evans,198,99,University of Memphis,1989
Jonny Flynn,183,83,Syracuse University,1989
James Harden,196,99,Arizona State University,1989
Serge Ibaka,208,106,,1989
Brandon Jennings,185,77,,1989
Byron Mullens,213,124,Ohio State University,1989
A.J. Price,213,124,,1989
James Anderson,198,96,Oklahoma State University,1989
Luke Babbitt,206,102,University of Nevada; Reno,1989
Eric Bledsoe,185,86,University of Kentucky,1989
Ed Davis,208,108,University of North Carolina,1989
Devin Ebanks,206,97,West Virginia University,1989
Christian Eyenga,196,95,,1989
Blake Griffin,208,113,University of Oklahoma,1989
Manny Harris,196,83,University of Michigan,1989
Patrick Patterson,206,104,University of Kentucky,1989
Samardo Samuels,206,117,University of Louisville,1989
Kevin Seraphin,206,129,,1989
Willie Warren,193,92,University of Oklahoma,1989
Hassan Whiteside,213,120,Marshall University,1989
Lavoy Allen,206,117,Temple University,1989
MarShon Brooks,196,90,Providence College,1989
Jimmy Butler,201,99,Marquette University,1989
Kenneth Faried,203,103,Morehead State University,1989
Jimmer Fredette,188,88,Brigham Young University,1989
Justin Harper,208,102,University of Richmond,1989
Josh Harrellson,208,124,University of Kentucky,1989
Cory Higgins,196,81,University of Colorado,1989
Charles Jenkins,190,99,Hofstra University,1989
Jon Leuer,208,103,University of Wisconsin,1989
Chris Singleton,203,104,Florida State University,1989
Elliot Williams,196,86,University of Memphis,1989
Kent Bazemore,196,91,Old Dominion University,1989
Festus Ezeli,211,115,Vanderbilt University,1989
Justin Holiday,198,83,University of Washington,1989
Orlando Johnson,196,99,University of California; Santa Barbara,1989
Kevin Jones,203,113,West Virginia University,1989
Andrew Nicholson,206,113,St. Bonaventure University,1989
Robert Sacre,213,122,Gonzaga University,1989
Dwight Buycks,190,86,Marquette University,1989
Nick Calathes,198,96,University of Florida,1989
Dewayne Dedmon,213,111,University of Southern California,1989
Elias Harris,203,108,Gonzaga University,1989
Scotty Hopson,201,92,University of Tennessee,1989
Robbie Hummel,203,97,Purdue University,1989
Toure' Murry,196,88,Wichita State University,1989
Zoran Dragic,196,90,,1989
Kalin Lucas,185,88,Michigan State University,1989
Tibor Pleiss,221,116,,1989
Malcolm Delaney,190,86,Virginia Polytechnic Institute and State University,1989
Mindaugas Kuzminskas,206,97,,1989
Kevin Durant,206,108,University of Texas at Austin,1988
Spencer Hawes,216,111,University of Washington,1988
Thaddeus Young,203,100,Georgia Institute of Technology,1988
Alexis Ajinca,218,112,,1988
Ryan Anderson,208,108,University of California,1988
Darrell Arthur,206,106,University of Kansas,1988
D.J. Augustin,206,106,,1988
Nicolas Batum,203,90,,1988
Jerryd Bayless,190,90,University of Arizona,1988
Danilo Gallinari,208,102,,1988
Eric Gordon,193,97,Indiana University,1988
Donte Greene,211,102,Syracuse University,1988
DeAndre Jordan,211,120,Texas A&M University,1988
Brook Lopez,213,124,Stanford University,1988
Robin Lopez,213,115,Stanford University,1988
Kevin Love,208,113,University of California; Los Angeles,1988
JaVale McGee,213,122,University of Nevada; Reno,1988
Greg Oden,213,113,Ohio State University,1988
Derrick Rose,190,86,University of Memphis,1988
Russell Westbrook,190,90,University of California; Los Angeles,1988
D.J. White,190,90,,1988
Rodrigue Beaubois,183,77,,1988
Chase Budinger,201,94,University of Arizona,1988
Omri Casspi,206,102,,1988
Earl Clark,208,102,University of Louisville,1988
Stephen Curry,190,86,Davidson College,1988
Austin Daye,211,99,Gonzaga University,1988
DaJuan Summers,203,104,Georgetown University,1988
Jeff Teague,188,84,Wake Forest University,1988
Solomon Alabi,216,113,Florida State University,1988
Cole Aldrich,211,113,University of Kansas,1988
Derrick Caracter,206,124,University of Texas at El Paso,1988
Landry Fields,201,95,Stanford University,1988
Luke Harangody,203,111,University of Notre Dame,1988
Gani Lawal,206,106,Georgia Institute of Technology,1988
Jeremy Lin,190,90,Harvard University,1988
Dexter Pittman,211,139,University of Texas at Austin,1988
Quincy Pondexter,201,99,University of Washington,1988
Larry Sanders,211,106,Virginia Commonwealth University,1988
Ish Smith,183,79,Wake Forest University,1988
Pape Sy,201,102,,1988
Evan Turner,201,99,Ohio State University,1988
Ben Uzoh,190,92,University of Tulsa,1988
Norris Cole,188,79,Cleveland State University,1988
Courtney Fortson,180,83,University of Arkansas,1988
Andrew Goudelock,190,90,College of Charleston,1988
Dennis Horner,206,104,North Carolina State University,1988
DeAndre Liggins,198,94,University of Kentucky,1988
Chandler Parsons,208,104,University of Florida,1988
Xavier Silas,196,92,Northern Illinois University,1988
Donald Sloan,190,92,Texas A&M University,1988
Nolan Smith,188,83,Duke University,1988
Julyan Stone,198,90,University of Texas at El Paso,1988
Lance Thomas,203,106,Duke University,1988
Malcolm Thomas,206,102,San Diego State University,1988
Chris Wright,203,102,University of Dayton,1988
Patrick Beverley,185,83,University of Arkansas,1988
Victor Claver,206,101,,1988
Kim English,198,90,University of Missouri,1988
Kris Joseph,201,95,Syracuse University,1988
Tim Ohlbrecht,211,115,,1988
Miles Plumlee,211,112,Duke University,1988
Mike Scott,203,107,University of Virginia,1988
Alexey Shved,198,86,,1988
Kyle Singler,203,103,Duke University,1988
Jarvis Varnado,206,104,Mississippi State University,1988
Vitor Faverani,211,117,,1988
Jorge Gutierrez,190,86,University of California,1988
Gal Mekel,190,86,Wichita State University,1988
Miroslav Raduljica,213,113,,1988
Patrick Christopher,196,94,University of California,1988
Nemanja Bjelica,208,108,,1988
Boban Marjanovic,221,131,,1988
Andrew Bynum,213,129,,1987
Amir Johnson,206,108,,1987
Yaroslav Korolev,206,92,,1987
Ersan Ilyasova,208,106,,1987
Wilson Chandler,203,102,DePaul University,1987
Mike Conley,185,79,Ohio State University,1987
Javaris Crittenton,196,90,Georgia Institute of Technology,1987
Yi Jianlian,213,108,,1987
Josh McRoberts,208,108,Duke University,1987
Julian Wright,203,102,University of Kansas,1987
Chris Douglas-Roberts,201,90,University of Memphis,1987
Malik Hairston,198,99,University of Oregon,1987
Marreese Speights,208,115,University of Florida,1987
Jon Brockman,201,115,University of Washington,1987
Darren Collison,183,79,University of California; Los Angeles,1987
Dante Cunningham,203,104,Villanova University,1987
Wayne Ellington,193,90,University of North Carolina,1987
Alonzo Gee,198,102,University of Alabama,1987
Jordan Hill,208,106,University of Arizona,1987
Jonas Jerebko,208,104,,1987
James Johnson,206,113,Wake Forest University,1987
Ty Lawson,180,88,University of North Carolina,1987
Eric Maynor,190,79,Virginia Commonwealth University,1987
Jodie Meeks,193,95,University of Kentucky,1987
Hasheem Thabeet,221,119,University of Connecticut,1987
Marcus Thornton,193,92,Louisiana State University,1987
Terrence Williams,198,99,University of Louisville,1987
Trevor Booker,203,103,Clemson University,1987
Craig Brackins,208,104,Iowa State University,1987
Sherron Collins,180,92,University of Kansas,1987
Jeremy Evans,206,90,Western Kentucky University,1987
Damion James,201,102,University of Texas at Austin,1987
Wesley Johnson,201,97,Syracuse University,1987
Hamady N'Diaye,213,106,Rutgers University,1987
Ekpe Udoh,208,108,Baylor University,1987
Greivis Vasquez,198,98,University of Maryland,1987
Jerome Dyson,190,81,University of Connecticut,1987
Jeff Foote,213,120,Cornell University,1987
Terrel Harris,196,86,Oklahoma State University,1987
Darington Hobson,201,95,University of New Mexico,1987
JaJuan Johnson,206,113,Wake Forest University,1987
Jerry Smith,188,86,University of Louisville,1987
Joel Freeland,208,113,,1987
Ben Hansbrough,190,92,University of Notre Dame,1987
Viacheslav Kravtsov,213,117,,1987
Luke Zeller,211,111,University of Notre Dame,1987
Luigi Datome,203,97,,1987
Shane Edwards,201,99,University of Arkansas at Little Rock,1987
Arinze Onuaku,206,115,Syracuse University,1987
Joe Ingles,203,102,,1987
Jerel McNeal,190,90,Marquette University,1987
Elijah Millsap,198,102,University of Alabama at Birmingham,1987
Alex Stepheson,208,122,University of Southern California,1987
Jonathan Gibson,188,83,New Mexico State University,1987
Andris Biedrins,211,108,,1986
Martynas Andriuskevicius,218,108,,1986
Andray Blatche,211,106,,1986
Gerald Green,201,92,,1986
Johan Petro,213,112,,1986
Jordan Farmar,188,81,University of California; Los Angeles,1986
Rudy Gay,203,104,University of Connecticut,1986
Daniel Gibson,188,86,University of Texas at Austin,1986
Kyle Lowry,183,92,Villanova University,1986
Randolph Morris,208,120,University of Kentucky,1986
Patrick O'Bryant,213,117,Bradley University,1986
Sergio Rodriguez,190,79,,1986
Rajon Rondo,185,84,University of Kentucky,1986
Cedric Simmons,206,106,North Carolina State University,1986
Tyrus Thomas,206,97,Louisiana State University,1986
P.J. Tucker,206,97,,1986
Marcus Vinicius,206,97,,1986
Marco Belinelli,196,95,,1986
Corey Brewer,206,84,University of Florida,1986
Glen Davis,206,131,Louisiana State University,1986
Kyrylo Fesenko,216,130,,1986
Taurean Green,183,80,University of Florida,1986
Al Horford,208,111,University of Florida,1986
Ian Mahinmi,211,113,,1986
Gabe Pruitt,193,77,University of Southern California,1986
Ramon Sessions,190,86,University of Nevada; Reno,1986
Rodney Stuckey,196,95,Eastern Washington University,1986
Sean Williams,208,106,Boston College,1986
Joe Alexander,203,104,West Virginia University,1986
Mario Chalmers,188,86,University of Kansas,1986
Joe Crawford,196,95,University of Kentucky,1986
Goran Dragic,190,86,,1986
Roy Hibbert,218,122,Georgetown University,1986
J.J. Hickson,218,122,,1986
George Hill,190,85,Indiana University-Purdue University Indianapolis,1986
Othello Hunter,203,102,Ohio State University,1986
Nathan Jawai,208,127,Midland College,1986
Walter Sharpe,206,111,University of Alabama at Birmingham,1986
Mike Taylor,188,74,Iowa State University,1986
Kyle Weaver,198,91,Washington State University,1986
Sonny Weems,198,92,University of Arkansas,1986
DeMarre Carroll,203,97,University of Missouri,1986
JamesOn Curry,190,86,Oklahoma State University,1986
Toney Douglas,188,88,Florida State University,1986
Sundiata Gaines,185,83,University of Georgia,1986
Taylor Griffin,201,107,University of Oklahoma,1986
Cedric Jackson,190,86,Cleveland State University,1986
Garrett Temple,198,88,Louisiana State University,1986
Jeff Adrien,201,111,University of Connecticut,1986
Omer Asik,213,115,,1986
Marcus Cousin,211,111,University of Houston,1986
Jordan Crawford,196,95,University of Kentucky,1986
Semih Erden,213,108,,1986
Lazar Hayward,198,102,Marquette University,1986
Timofey Mozgov,216,124,,1986
Nikola Pekovic,211,139,,1986
Andy Rautins,193,86,Syracuse University,1986
Garret Siler,211,138,Augusta State University,1986
Mickell Gladness,211,99,Alabama A&M University,1986
Jerome Jordan,213,114,University of Tulsa,1986
Vernon Macklin,208,102,University of Florida,1986
E'Twaun Moore,208,102,,1986
Jeremy Pargo,188,99,Gonzaga University,1986
Ryan Reid,203,105,Florida State University,1986
Edwin Ubiles,198,92,Siena College,1986
Josh Akognon,180,83,California State University; Fullerton,1986
Aron Baynes,208,117,Washington State University,1986
Dionte Christmas,196,92,Temple University,1986
Damjan Rudez,208,103,,1986
Salah Mejri,216,111,,1986
Maciej Lampe,211,124,,1985
Darko Milicic,213,113,,1985
Trevor Ariza,203,97,University of California; Los Angeles,1985
Jackie Butler,208,113,,1985
Luol Deng,206,99,Duke University,1985
Dwight Howard,211,120,,1985
Kris Humphries,206,106,University of Minnesota,1985
Al Jefferson,208,131,,1985
Shaun Livingston,201,87,,1985
Pavel Podkolzin,226,117,,1985
Peter John,226,117,,1985
Ha Seung-Jin,221,138,,1985
Robert Swift,213,111,,1985
Sebastian Telfair,183,74,,1985
Dorell Wright,206,92,,1985
Brandon Bass,203,113,Louisiana State University,1985
Monta Ellis,190,83,,1985
Linas Kleiza,203,111,University of Missouri,1985
Chris Paul,183,79,Wake Forest University,1985
Chris Taft,208,117,University of Pittsburgh,1985
Von Wafer,196,95,Florida State University,1985
LaMarcus Aldridge,211,117,University of Texas at Austin,1985
Andrea Bargnani,213,111,,1985
Shannon Brown,193,92,Michigan State University,1985
Damir Markota,208,102,,1985
Paul Millsap,203,111,Louisiana Tech University,1985
Arron Afflalo,196,95,University of California; Los Angeles,1985
Morris Almond,198,102,Rice University,1985
Aaron Brooks,183,73,University of Oregon,1985
Guillermo Diaz,188,87,University of Miami,1985
Jared Dudley,201,102,Boston College,1985
Nick Fazekas,211,106,University of Nevada; Reno,1985
Thomas Gardner,196,102,University of Missouri,1985
Acie Law,190,88,Texas A&M University,1985
Dominic McGuire,206,99,California State University; Fresno,1985
Joakim Noah,211,104,University of Florida,1985
Oleksiy Pecherov,213,105,,1985
Kosta Perovic,218,108,,1985
Darius Washington,188,88,University of Memphis,1985
Nick Young,201,95,University of Southern California,1985
Rudy Fernandez,198,83,,1985
Marc Gasol,216,115,,1985
J.R. Giddens,216,115,,1985
Hamed Haddadi,218,115,,1985
Steven Hill,213,112,University of Arkansas,1985
Darnell Jackson,206,114,University of Kansas,1985
Rob Kurz,206,105,University of Notre Dame,1985
Courtney Lee,196,90,Western Kentucky University,1985
Anthony Morrow,196,95,Georgia Institute of Technology,1985
DeMarcus Nelson,193,90,Duke University,1985
Brandon Rush,198,99,University of Kansas,1985
Sean Singletary,183,83,University of Virginia,1985
Anthony Tolliver,203,108,Creighton University,1985
Sun Yue,206,92,,1985
Taj Gibson,206,102,University of Southern California,1985
Trey Gilder,206,83,Northwestern State University,1985
Tyler Hansbrough,206,113,University of North Carolina,1985
Othyus Jeffers,196,90,Robert Morris University (IL),1985
Marcus Landry,201,104,University of Wisconsin,1985
Patty Mills,203,111,Louisiana Tech University,1985
Sam Young,198,99,University of Pittsburgh,1985
Gary Forbes,201,99,University of Massachusetts Amherst,1985
Tiago Splitter,211,111,,1985
Gustavo Ayon,208,113,,1985
Justin Dentmon,180,83,University of Washington,1985
Greg Stiemsma,211,117,University of Wisconsin,1985
Bernard James,208,108,Florida State University,1985
Brian Roberts,185,78,University of Dayton,1985
Mirza Teletovic,206,109,,1985
Sasha Kaun,211,117,University of Kansas,1985
Carmelo Anthony,203,108,Syracuse University,1984
Chris Bosh,211,106,Georgia Institute of Technology,1984
Ndudi Ebi,206,90,,1984
LeBron James,203,113,,1984
Travis Outlaw,206,95,,1984
Zaza Pachulia,211,122,,1984
Sasha Pavlovic,211,122,,1984
Kendrick Perkins,208,122,,1984
Andre Iguodala,198,97,University of Arizona,1984
Didier Ilunga-Mbenga,198,97,,1984
Sasha Vujacic,201,88,,1984
Andrew Bogut,213,117,University of Utah,1984
Raymond Felton,185,92,University of North Carolina,1984
Sean May,206,120,University of North Carolina,1984
Rashad McCants,193,93,University of North Carolina,1984
Nate Robinson,175,81,University of Washington,1984
Charlie Villanueva,211,105,University of Connecticut,1984
Deron Williams,190,90,University of Illinois at Urbana-Champaign,1984
Antoine Wright,201,95,Texas A&M University,1984
Hassan Adams,193,99,University of Arizona,1984
Maurice Ager,196,91,Michigan State University,1984
Hilton Armstrong,211,106,University of Connecticut,1984
James Augustine,208,106,University of Illinois at Urbana-Champaign,1984
Renaldo Balkman,203,94,University of South Carolina,1984
J.J. Barea,203,94,,1984
Josh Boone,208,107,University of Connecticut,1984
Rodney Carney,201,92,University of Memphis,1984
Mardy Collins,198,99,Temple University,1984
Paul Davis,211,122,Michigan State University,1984
Quincy Douby,190,79,Rutgers University,1984
Mike Hall,203,104,George Washington University,1984
Robert Hite,188,83,University of Miami,1984
Ryan Hollins,213,108,University of California; Los Angeles,1984
Mile Ilic,216,104,,1984
Solomon Jones,208,104,University of South Florida,1984
Tarence Kinsey,198,83,University of South Carolina,1984
Chris McCray,196,87,University of Maryland,1984
Adam Morrison,203,92,Gonzaga University,1984
David Noel,198,104,University of North Carolina,1984
Leon Powe,203,108,University of California,1984
Allan Ray,188,86,Villanova University,1984
J.J. Redick,188,86,,1984
Jeremy Richardson,198,83,Delta State University,1984
Brandon Roy,198,97,University of Washington,1984
Thabo Sefolosha,201,99,,1984
Mouhamed Sene,201,99,,1984
Justin Williams,208,102,University of Wyoming,1984
Blake Ahearn,188,86,Missouri State University,1984
Jermareo Davidson,208,104,University of Alabama,1984
Marcin Gortat,211,108,,1984
Aaron Gray,213,122,University of Pittsburgh,1984
Demetris Nichols,203,97,Syracuse University,1984
Chris Richard,206,122,University of Florida,1984
Cheikh Samb,216,111,,1984
Darryl Watkins,211,117,Syracuse University,1984
C.J. Watson,211,117,,1984
Trey Johnson,196,98,Jackson State University,1984
Cartier Martin,201,99,Kansas State University,1984
O.J. Mayo,201,99,,1984
Luc Mbah,201,99,,1984
Roko Ukic,196,83,,1984
Henry Walker,196,83,,1984
Lester Hudson,190,86,University of Tennessee at Martin,1984
Chris Hunter,211,108,University of Michigan,1984
Oliver Lafayette,188,86,University of Houston,1984
Zabian Dowdell,190,86,Virginia Polytechnic Institute and State University,1984
Gary Neal,193,95,Towson University,1984
Mustafa Shakur,190,86,University of Arizona,1984
Derrick Byars,201,99,Vanderbilt University,1984
Eric Dawson,206,113,Midwestern State University,1984
Ivan Johnson,203,104,University of Oregon,1984
Derrick Williams,190,90,University of Illinois at Urbana-Champaign,1984
Chris Copeland,206,108,University of Colorado,1984
Jamal Sampson,211,106,University of California,1983
Nikoloz Tskitishvili,213,102,,1983
Slavko Vranes,226,124,,1983
Josh Childress,203,95,Stanford University,1983
Ben Gordon,190,90,University of Connecticut,1983
Devin Harris,190,87,University of Wisconsin,1983
Nenad Krstic,213,108,,1983
Kirk Snyder,198,102,University of Nevada; Reno,1983
Delonte West,193,81,Saint Joseph's University,1983
Alex Acker,196,83,Pepperdine University,1983
Eddie Basden,196,97,University of North Carolina at Charlotte,1983
Esteban Batista,208,122,,1983
Will Bynum,183,83,Georgia Institute of Technology,1983
Ike Diogu,203,113,Arizona State University,1983
Daniel Ewing,190,83,Duke University,1983
Channing Frye,211,115,University of Arizona,1983
Danny Granger,206,100,University of New Mexico,1983
Chuck Hayes,198,108,University of Kentucky,1983
Julius Hodge,201,95,North Carolina State University,1983
Jarrett Jack,190,90,Georgia Institute of Technology,1983
Jason Maxiell,201,117,University of Cincinnati,1983
Aaron Miles,185,79,University of Kansas,1983
C.J. Miles,185,79,,1983
Sergei Monia,203,99,,1983
Josh Powell,206,102,North Carolina State University,1983
Ronnie Price,188,86,Utah Valley State College,1983
Shavlik Randolph,208,108,Duke University,1983
Wayne Simien,206,115,University of Kansas,1983
Dijon Thompson,201,88,University of California; Los Angeles,1983
Ronny Turiaf,208,112,Gonzaga University,1983
Kelenna Azubuike,196,99,University of Kentucky,1983
Will Blalock,183,92,Iowa State University,1983
Cedric Bozeman,198,93,University of California; Los Angeles,1983
Randy Foye,193,96,Villanova University,1983
Mickael Gelabale,201,97,,1983
Alexander Johnson,206,108,Florida State University,1983
James Lang,208,129,,1983
Pops Mensah-Bonsu,206,108,George Washington University,1983
Steve Novak,208,102,Marquette University,1983
Kevinn Pinkney,208,111,University of Nevada; Reno,1983
Roger Powell,198,106,University of Illinois at Urbana-Champaign,1983
Chris Quinn,188,83,University of Notre Dame,1983
Uros Slokar,208,107,,1983
Craig Smith,201,113,Boston College,1983
Mike Harris,198,108,Rice University,1983
Coby Karl,196,97,Boise State University,1983
Carl Landry,206,112,Purdue University,1983
Keith Langford,193,97,University of Kansas,1983
Courtney Sims,208,111,University of Michigan,1983
Al Thornton,203,99,Florida State University,1983
Joey Dorsey,203,121,University of Memphis,1983
Dontell Jefferson,196,88,University of Arkansas,1983
Eugene Jeter,180,79,University of Portland,1983
Larry Owens,201,95,Oral Roberts University,1983
Carldell Johnson,178,81,University of Alabama at Birmingham,1983
JaKarr Sampson,211,106,University of California,1983
Marcelo Huertas,190,90,,1983
Gilbert Arenas,190,86,University of Arizona,1982
Kwame Brown,211,122,,1982
Tyson Chandler,216,108,,1982
Eddy Curry,213,133,,1982
DeSagana Diop,213,136,,1982
Eddie Griffin,208,99,Seton Hall University,1982
Tony Parker,188,83,,1982
Gerald Wallace,201,97,University of Alabama,1982
Nene Hilario,211,113,,1982
Amar'e Stoudemire,208,111,,1982
Chris Wilcox,208,100,University of Maryland,1982
Leandro Barbosa,190,87,,1982
Omar Cook,185,86,St. John's University,1982
Boris Diaw,203,113,,1982
Chris Kaman,213,120,Central Michigan University,1982
Mickael Pietrus,198,97,,1982
Zoran Planinic,201,88,,1982
Mike Sweetney,203,124,Georgetown University,1982
Dwyane Wade,193,99,Marquette University,1982
Tony Allen,193,96,Oklahoma State University,1982
Andre Barrett,178,78,Seton Hall University,1982
Erik Daniels,203,97,University of Kentucky,1982
Carlos Delfino,198,104,,1982
Chris Duhon,185,83,Duke University,1982
Andre Emmett,196,104,Texas Tech University,1982
David Harrison,213,127,University of Colorado,1982
Viktor Khryapa,206,95,,1982
Jameer Nelson,183,86,Saint Joseph's University,1982
Emeka Okafor,208,114,University of Connecticut,1982
Justin Reed,203,108,University of Mississippi,1982
Jared Reiner,211,115,University of Iowa,1982
Beno Udrih,190,92,,1982
Anderson Varejao,208,123,,1982
Alan Anderson,198,99,Michigan State University,1982
Travis Diener,185,79,Marquette University,1982
Gerald Fitch,190,85,University of Kentucky,1982
Deng Gai,206,113,Fairfield University,1982
Ryan Gomes,201,113,Providence College,1982
Joey Graham,201,102,Oklahoma State University,1982
Stephen Graham,198,97,Oklahoma State University,1982
Devin Green,201,95,Hampton University,1982
Orien Greene,193,94,University of Louisiana at Lafayette,1982
Luther Head,190,83,University of Illinois at Urbana-Champaign,1982
Rawle Marshall,206,86,Oakland University,1982
Lawrence Roberts,206,108,Mississippi State University,1982
Luke Schenscher,216,115,Georgia Institute of Technology,1982
Salim Stoudamire,185,81,University of Arizona,1982
Donell Taylor,198,81,University of Alabama at Birmingham,1982
Matt Walsh,198,92,University of Florida,1982
Hakim Warrick,206,99,Syracuse University,1982
Robert Whaley,208,117,Walsh University,1982
Marvin Williams,185,89,University of Alabama,1982
Lou Amundson,206,99,University of Nevada; Las Vegas,1982
Will Conroy,188,88,University of Washington,1982
Yakhouba Diawara,201,102,Pepperdine University,1982
Renaldo Major,201,90,California State University; Fresno,1982
Ivan McFarlin,203,108,Oklahoma State University,1982
Vassilis Spanoulis,193,88,,1982
Marcus Williams,185,89,University of Alabama,1982
Joel Anthony,206,111,University of Nevada; Las Vegas,1982
Stephane Lasme,203,97,University of Massachusetts Amherst,1982
Pero Antic,211,117,,1982
Jonathan Bender,211,91,,1981
Darius Miles,206,95,,1981
Olumide Oyedeji,208,108,,1981
DeShawn Stevenson,196,95,,1981
Kedrick Brown,201,100,Okaloosa-Walton Community College,1981
Samuel Dalembert,211,115,Seton Hall University,1981
Joseph Forte,193,87,University of North Carolina,1981
Antonis Fotsis,208,99,,1981
Steven Hunter,213,99,DePaul University,1981
Andrei Kirilenko,206,99,,1981
Zach Randolph,206,117,Michigan State University,1981
Jason Richardson,198,99,Michigan State University,1981
Kenny Satterfield,188,84,University of Cincinnati,1981
Carlos Boozer,206,117,Duke University,1981
J.R. Bremer,206,117,,1981
Drew Gooden,208,113,University of Kansas,1981
Casey Jacobsen,198,97,Stanford University,1981
Jared Jeffries,211,104,Indiana University,1981
Tito Maddox,193,86,California State University; Fresno,1981
Smush Parker,193,86,Fordham University,1981
Qyntel Woods,203,100,Northeast Mississippi Community College,1981
Vincent Yarbrough,201,95,University of Tennessee,1981
Marcus Banks,188,90,University of Nevada; Las Vegas,1981
Zarko Cabarkapa,211,106,,1981
Marquis Daniels,198,90,Auburn University,1981
Ronald Dupree,201,94,Louisiana State University,1981
Hiram Fuller,206,108,California State University; Fresno,1981
Reece Gaines,198,92,University of Louisville,1981
Willie Green,193,90,University of Detroit Mercy,1981
Jarvis Hayes,201,99,University of Georgia,1981
Kirk Hinrich,193,86,University of Kansas,1981
Jason Kapono,203,96,University of California; Los Angeles,1981
Kyle Korver,201,96,Creighton University,1981
Desmond Penigar,201,111,Utah State University,1981
Luke Ridnour,188,79,University of Oregon,1981
John Edwards,213,124,Kent State University,1981
Luis Flores,188,90,Manhattan College,1981
Matt Freije,208,108,Vanderbilt University,1981
Royal Ivey,190,90,University of Texas at Austin,1981
Quinton Ross,198,88,Southern Methodist University,1981
Pape Sow,208,113,California State University; Fullerton,1981
Jackson Vroman,208,99,Iowa State University,1981
Earl Barron,213,113,University of Memphis,1981
Jose Calderon,190,90,,1981
Noel Felix,206,102,California State University; Fresno,1981
Francisco Garcia,201,88,University of Louisville,1981
Melvin Sanders,196,95,Oklahoma State University,1981
James Singleton,203,97,Murray State University,1981
Derrick Zimmerman,190,88,Mississippi State University,1981
Andre Brown,206,111,DePaul University,1981
Desmon Farmer,196,99,University of Southern California,1981
Andreas Glyniadakis,216,127,,1981
Lance Allred,211,113,Weber State University,1981
Kasib Powell,201,97,Texas Tech University,1981
Anthony Brown,206,111,DePaul University,1981
Al Harrington,206,104,,1980
J.R. Henderson,206,104,,1980
Bruno Sundov,218,99,,1980
Dalibor Bagaric,216,115,,1980
Jamal Crawford,196,90,University of Michigan,1980
Keyon Dooling,190,88,University of Missouri,1980
Donnell Harvey,203,99,University of Florida,1980
Mike Miller,203,98,University of Florida,1980
Quentin Richardson,198,101,DePaul University,1980
Brandon Armstrong,196,85,Pepperdine University,1980
Jamison Brewer,193,83,Auburn University,1980
Pau Gasol,213,113,,1980
Richard Jefferson,201,105,University of Arizona,1980
Troy Murphy,211,111,University of Notre Dame,1980
Vladimir Radmanovic,208,102,,1980
Bobby Simmons,201,95,DePaul University,1980
Leon Smith,208,106,,1980
Robert Archibald,211,113,University of Illinois at Urbana-Champaign,1980
Caron Butler,201,103,University of Connecticut,1980
Reggie Evans,203,111,University of Iowa,1980
Marcus Haislip,208,104,University of Tennessee,1980
Adam Harrington,196,90,Auburn University,1980
Junior Harrington,193,81,Wingate University,1980
Chris Jefferies,203,102,California State University; Fresno,1980
Roger Mason,196,90,University of Virginia,1980
Yao Ming*,229,140,,1980
Bostjan Nachbar,206,100,,1980
Tayshaun Prince,206,96,University of Kentucky,1980
Kareem Rush,198,97,University of Missouri,1980
Tamar Slay,203,97,Marshall University,1980
Jiri Welsch,201,94,,1980
Jerome Beasley,208,107,University of North Dakota,1980
Troy Bell,185,81,Boston College,1980
Steve Blake,190,78,University of Maryland,1980
Keith Bogans,196,97,University of Kentucky,1980
Curtis Borchardt,213,108,Stanford University,1980
Matt Carroll,198,96,University of Notre Dame,1980
Brian Cook,206,106,University of Illinois at Urbana-Champaign,1980
Alex Garcia,190,99,,1980
Udonis Haslem,203,106,University of Florida,1980
Josh Howard,201,95,Wake Forest University,1980
Brandon Hunter,201,117,Ohio University,1980
Linton Johnson,203,92,Tulane University,1980
Raul Lopez,185,77,,1980
Kirk Penney,196,99,University of Wisconsin,1980
Theron Smith,203,102,Ball State University,1980
Luke Walton,203,106,University of Arizona,1980
David West,206,113,Xavier University,1980
Rafael Araujo,211,127,Brigham Young University,1980
Matt Bonner,208,106,University of Florida,1980
Antonio Burks,185,90,University of Memphis,1980
Lionel Chalmers,183,81,Xavier University,1980
Nick Collison,208,115,University of Kansas,1980
Mario Kasun,216,117,,1980
Bernard Robinson,198,95,University of Michigan,1980
Yuta Tabuse,175,74,Brigham Young University Hawaii,1980
Arvydas Macijauskas,193,97,,1980
Andre Owens,193,90,University of Houston,1980
Jamario Moon,203,92,Meridian Community College,1980
Juan Carlos,203,92,,1980
Luis Scola,206,108,,1980
Tracy McGrady,203,95,,1979
Ricky Davis,198,88,University of Iowa,1979
Larry Hughes,196,83,Saint Louis University,1979
William Avery,188,89,Duke University,1979
Elton Brand,203,124,Duke University,1979
Baron Davis,190,94,University of California; Los Angeles,1979
Jumaine Jones,203,98,University of Georgia,1979
Corey Maggette,198,98,Duke University,1979
Lamar Odom,208,99,University of Rhode Island,1979
Khalid El-Amin,178,90,University of Connecticut,1979
Stanislav Medvedenko,208,113,,1979
Chris Mihm,213,120,University of Texas at Austin,1979
Joel Przybilla,216,115,University of Minnesota,1979
Michael Redd,198,99,Ohio State University,1979
Stromile Swift,206,102,Louisiana State University,1979
Jake Tsakalidis,218,129,,1979
Hedo Turkoglu,208,99,,1979
Carlos Arroyo,188,91,Florida International University,1979
Charlie Bell,190,90,Michigan State University,1979
Michael Bradley,208,111,Villanova University,1979
Primoz Brezec,218,114,,1979
Ernest Brown,213,110,Indian Hills Community College,1979
Tierre Brown,188,85,McNeese State University,1979
Joe Crispin,183,83,Pennsylvania State University,1979
Trenton Hassell,196,90,Austin Peay State University,1979
Kirk Haston,206,109,Indiana University,1979
Brendan Haywood,213,121,University of North Carolina,1979
Terence Morris,206,100,University of Maryland,1979
Norm Richardson,196,86,Hofstra University,1979
Jeryl Sasser,198,90,Southern Methodist University,1979
Jeff Trepagnier,193,90,University of Southern California,1979
Ratko Varda,216,117,,1979
Earl Watson,185,88,University of California; Los Angeles,1979
Lonny Baxter,203,117,University of Maryland,1979
Rasual Butler,201,97,La Salle University,1979
Ryan Humphrey,203,106,University of Notre Dame,1979
Fred Jones,193,95,University of Oregon,1979
Sean Lampley,201,102,University of California,1979
Ronald Murray,193,86,Shaw University,1979
Mehmet Okur,211,112,,1979
Chris Owens,201,111,University of Texas at Austin,1979
Jannero Pargo,185,79,University of Arkansas,1979
John Salmons,201,95,University of Miami,1979
Cezary Trybanski,218,108,,1979
Mike Wilks,178,83,Rice University,1979
Britton Johnsen,208,95,University of Utah,1979
Keith McLeod,188,85,Bowling Green State University,1979
Maurice Baker,185,79,Oklahoma State University,1979
Tony Bobbitt,193,86,University of Cincinnati,1979
Corsley Edwards,206,124,Central Connecticut State University,1979
Andres Nocioni,201,102,,1979
Kevin Burleson,190,92,University of Minnesota,1979
Anthony Grundy,190,81,North Carolina State University,1979
Randy Holcomb,206,102,San Diego State University,1979
Lynn Greer,188,79,Temple University,1979
Walter Herrmann,206,102,,1979
Brice Johnson,208,95,University of Utah,1979
Kobe Bryant,198,96,,1978
Jermaine O'Neal,211,102,,1978
Corey Benjamin,198,90,Oregon State University,1978
Mike Bibby,185,86,University of Arizona,1978
Dirk Nowitzki,213,111,,1978
Korleone Young,201,96,,1978
Dion Glover,196,103,Georgia Institute of Technology,1978
Richard Hamilton,198,83,University of Connecticut,1978
Shawn Marion,201,99,University of Nevada; Las Vegas,1978
Milt Palacio,190,88,Colorado State University,1978
Erick Barkley,185,80,St. John's University,1978
Marcus Fizer,206,118,Iowa State University,1978
Eddie Gill,183,86,Weber State University,1978
Jason Hart,190,83,Syracuse University,1978
Eddie House,185,81,Arizona State University,1978
Jamaal Magloire,211,117,University of Kentucky,1978
Paul McPherson,193,95,DePaul University,1978
Jerome Moiso,208,106,University of California; Los Angeles,1978
Chris Porter,201,98,Auburn University,1978
Lavor Postell,196,97,St. John's University,1978
Soumaila Samake,213,104,,1978
Malik Allen,208,115,Villanova University,1978
Chris Andersen,208,111,Blinn College,1978
Shane Battier,203,99,Duke University,1978
Ruben Boumtje-Boumtje,213,116,Georgetown University,1978
Speedy Claxton,180,75,Hofstra University,1978
Maurice Evans,196,99,University of Texas at Austin,1978
Tang Hamilton,203,99,Mississippi State University,1978
Alvin Jones,211,120,Georgia Institute of Technology,1978
Dean Oliver,180,81,University of Iowa,1978
Brian Scalabrine,206,109,University of Southern California,1978
Will Solomon,185,83,Clemson University,1978
Etan Thomas,206,116,Syracuse University,1978
Jamaal Tinsley,190,88,Iowa State University,1978
Loren Woods,216,111,University of Arizona,1978
Dan Dickau,183,86,Gonzaga University,1978
Juan Dixon,190,74,University of Maryland,1978
Melvin Ely,208,117,California State University; Fresno,1978
Dan Gadzuric,211,108,University of California; Los Angeles,1978
Marko Jaric,201,89,,1978
Igor Rakocevic,190,83,,1978
Kaniel Dickens,203,97,University of Idaho,1978
Travis Hansen,198,92,Brigham Young University,1978
Darius Songaila,206,112,Wake Forest University,1978
Alex Scales,193,83,University of Oregon,1978
Stephon Marbury,188,81,Georgia Institute of Technology,1977
Marko Milic,198,106,,1977
Tim Thomas,208,104,Villanova University,1977
Keith Van,208,104,,1977
Vince Carter,198,99,University of North Carolina,1977
Michael Doleac,211,118,University of Utah,1977
Tyronn Lue,183,79,University of Nebraska,1977
Jelani McCoy,208,111,University of California; Los Angeles,1977
Nazr Mohammed,208,100,University of Kentucky,1977
Paul Pierce,201,106,University of Kansas,1977
Peja Stojakovic,206,99,,1977
Robert Traylor,203,128,University of Michigan,1977
Cal Bowdler,208,111,Old Dominion University,1977
Rodney Buford,196,85,Creighton University,1977
John Celestand,193,80,Villanova University,1977
Jeff Foster,211,107,Texas State University,1977
Steve Francis,190,88,University of Maryland,1977
Devean George,203,99,Augsburg College,1977
Lari Ketner,206,125,University of Massachusetts Amherst,1977
Quincy Lewis,201,97,University of Minnesota,1977
James Posey,203,97,Xavier University,1977
Laron Profit,196,92,University of Maryland,1977
Michael Ruffin,206,111,University of Tulsa,1977
Jason Terry,188,83,University of Arizona,1977
Kenny Thomas,201,118,University of New Mexico,1977
Brian Cardinal,203,111,Purdue University,1977
Mateen Cleaves,188,92,Michigan State University,1977
Dan Langhi,211,99,Vanderbilt University,1977
Kenyon Martin,206,106,University of Cincinnati,1977
Desmond Mason,201,101,Oklahoma State University,1977
Dan McClintock,213,122,Northern Arizona University,1977
Andy Panko,206,100,Lebanon Valley College,1977
Morris Peterson,201,98,Michigan State University,1977
Pepe Sanchez,193,88,Temple University,1977
Jabari Smith,211,113,Louisiana State University,1977
Jake Voskuhl,211,111,University of Connecticut,1977
Wang Zhizhi,213,115,,1977
Mike Batiste,203,102,Arizona State University,1977
Manu Ginobili,198,92,,1977
Gordan Giricek,198,95,,1977
Guy Rucker,211,120,University of Iowa,1977
Paul Shirley,208,104,Iowa State University,1977
Desmond Ferguson,201,92,University of Detroit Mercy,1977
T.J. Ford,201,92,,1977
Richie Frahm,196,95,Gonzaga University,1977
Ime Udoka,198,97,Portland State University,1977
Kevin Martin,206,106,University of Cincinnati,1977
Awvee Storey,198,100,Arizona State University,1977
Boniface N'Dong,213,89,,1977
Jorge Garbajosa,206,111,,1977
Jason Smith,211,113,Louisiana State University,1977
D.J. Strawberry,211,113,,1977
Pablo Prigioni,190,83,,1977
Kevin Garnett,211,108,,1976
Shareef Abdur-Rahim,206,102,University of California,1976
Samaki Walker,206,108,University of Louisville,1976
Tony Battie,211,104,Texas Tech University,1976
Chauncey Billups,190,91,University of Colorado,1976
Keith Closs,221,96,Central Connecticut State University,1976
Tim Duncan,211,113,Wake Forest University,1976
Danny Fortson,201,117,University of Cincinnati,1976
Troy Hudson,185,77,Southern Illinois University,1976
Ron Mercer,201,95,University of Kentucky,1976
God Shammgod,183,76,Providence College,1976
Maurice Taylor,206,117,University of Michigan,1976
Earl Boykins,165,61,Eastern Michigan University,1976
Pat Garrity,206,107,University of Notre Dame,1976
Matt Harpring,201,104,Georgia Institute of Technology,1976
Antawn Jamison,203,101,University of North Carolina,1976
Damon Jones,190,83,University of Houston,1976
Raef LaFrentz,211,108,University of Kansas,1976
Brad Miller,211,110,Purdue University,1976
Tyrone Nesby,198,102,University of Nevada; Las Vegas,1976
Rasho Nesterovic,213,112,,1976
Brian Skinner,206,115,Baylor University,1976
Vladimir Stepania,213,107,,1976
Bonzi Wells,196,95,Ball State University,1976
Jahidi White,206,131,Georgetown University,1976
Rafer Alston,188,77,California State University; Fresno,1976
Calvin Booth,211,104,Pennsylvania State University,1976
Greg Buckner,193,95,Clemson University,1976
Vonteego Cummings,190,83,University of Pittsburgh,1976
Derek Hood,203,100,University of Arkansas,1976
Jermaine Jackson,193,92,University of Detroit Mercy,1976
Tim James,201,96,University of Miami,1976
Harold Jamison,203,117,Clemson University,1976
Trajan Langdon,190,89,Duke University,1976
Todd MacCulloch,213,127,University of Washington,1976
Scott Padgett,206,108,University of Kentucky,1976
Aleksandar Radojevic,221,113,Barton County Community College,1976
Ryan Robertson,196,86,University of Kansas,1976
Eddie Robinson,203,95,University of Central Oklahoma,1976
Mirsad Turkcan,206,107,,1976
Wayne Turner,188,86,University of Kentucky,1976
Tim Young,213,99,Stanford University,1976
Raja Bell,196,92,Florida International University,1976
Steve Goodrich,208,99,Princeton University,1976
A.J. Guyton,208,99,,1976
Mark Madsen,206,108,Stanford University,1976
Hanno Mottola,211,112,University of Utah,1976
Eduardo Najera,203,108,University of Oklahoma,1976
Terrance Roberson,201,97,California State University; Fresno,1976
Daniel Santiago,216,116,Saint Vincent College,1976
Tremaine Fowlkes,203,99,California State University; Fresno,1976
Ansu Sesay,206,102,University of Mississippi,1976
Oscar Torres,198,95,,1976
Efthimi Rentzias,211,113,,1976
Predrag Savovic,198,102,University of Hawaii,1976
Torraye Braggs,203,111,Xavier University,1976
Maurice Carter,196,95,Louisiana State University,1976
Francisco Elson,213,106,University of California,1976
Dahntay Jones,190,83,University of Houston,1976
Geno Carlisle,190,81,University of California,1976
Sarunas Jasikevicius,193,88,University of Maryland,1976
James White,206,131,Georgetown University,1976
Damian Jones,190,83,University of Houston,1976
Thomas Hamilton,218,149,University of Pittsburgh,1975
Martin Lewis,196,95,Seward County Community College,1975
Erick Dampier,211,120,Mississippi State University,1975
Allen Iverson*,183,74,Georgetown University,1975
Randy Livingston,193,94,Louisiana State University,1975
Vitaly Potapenko,208,127,Wright State University,1975
Chris Anstey,213,112,,1975
Chris Crawford,206,106,Marquette University,1975
Austin Croshere,206,106,Providence College,1975
Antonio Daniels,193,88,Bowling Green State University,1975
Adonal Foyle,208,113,Colgate University,1975
Chris Garner,178,70,University of Memphis,1975
Ed Gray,190,95,University of California,1975
Zydrunas Ilgauskas,221,107,,1975
Dontae' Jones,203,99,Mississippi State University,1975
Brevin Knight,178,78,Stanford University,1975
Charles O'Bannon,196,94,University of California; Los Angeles,1975
Anthony Parker,198,97,Bradley University,1975
Scot Pollard,211,120,University of Kansas,1975
Shea Seals,196,95,University of Tulsa,1975
Michael Stewart,208,104,University of California,1975
Jacque Vaughn,185,86,University of Kansas,1975
Brandon Williams,198,97,Davidson College,1975
Toby Bailey,198,96,University of California; Los Angeles,1975
Cory Carr,190,95,Texas Tech University,1975
Keon Clark,211,99,University of Nevada; Las Vegas,1975
Michael Dickerson,196,86,University of Arizona,1975
Marlon Garnett,188,84,Santa Clara University,1975
Sam Jacobson,193,97,University of Minnesota,1975
Jerome James,213,136,Florida Agricultural and Mechanical University,1975
Sean Marks,208,113,University of California,1975
Kelly McCarty,201,90,University of Southern Mississippi,1975
Roshown McLeod,203,100,Duke University,1975
Cuttino Mobley,193,86,University of Rhode Island,1975
Mikki Moore,211,102,University of Nebraska,1975
Michael Olowokandi,213,122,University of the Pacific,1975
Andrae Patterson,206,107,Indiana University,1975
Ruben Patterson,196,101,University of Cincinnati,1975
Casey Shaw,211,117,University of Toledo,1975
Miles Simon,190,91,University of Arizona,1975
Ryan Stack,211,97,University of South Carolina,1975
Tyson Wheeler,178,74,University of Rhode Island,1975
Shammond Williams,185,91,University of North Carolina,1975
Ryan Bowen,201,97,University of Iowa,1975
Anthony Carter,185,86,University of Hawaii,1975
Derrick Dial,193,83,Eastern Michigan University,1975
Obinna Ekezie,206,122,University of Maryland,1975
Evan Eschmeyer,211,115,Northwestern University,1975
Chris Herren,188,89,California State University; Fresno,1975
Jason Miskiri,188,79,George Mason University,1975
Mark Blount,213,104,University of Pittsburgh,1975
Sean Colson,183,79,University of North Carolina at Charlotte,1975
Zendon Hamilton,211,113,St. John's University,1975
Lee Nailon,206,107,Texas Christian University,1975
Ira Newble,201,99,Miami University,1975
Mengke Bateer,211,131,,1975
Predrag Drobnjak,211,122,,1975
Isaac Fontaine,193,95,Washington State University,1975
Mike James,188,85,Duquesne University,1975
Maceo Baston,206,97,University of Michigan,1975
Nate Huffman,216,111,Central Michigan University,1975
Brandin Knight,178,78,Stanford University,1975
Billy Thomas,193,94,University of Kansas,1975
Fabricio Oberto,208,111,,1975
Shawne Williams,185,91,University of North Carolina,1975
Shelden Williams,185,91,University of North Carolina,1975
Dominique Jones,203,99,Mississippi State University,1975
Brandon Knight,178,78,Stanford University,1975
Dontonio Wingfield,203,116,University of Cincinnati,1974
Chris Carr,196,93,Southern Illinois University,1974
Antonio McDyess,206,99,University of Alabama,1974
Jerry Stackhouse,198,98,University of North Carolina,1974
Gary Trent,203,113,Ohio University,1974
Rasheed Wallace,208,102,University of North Carolina,1974
Marcus Brown,190,83,Murray State University,1974
Marcus Camby,211,99,University of Massachusetts Amherst,1974
Tony Delk,185,85,University of Kentucky,1974
Jamie Feick,206,115,Michigan State University,1974
Derek Fisher,185,90,University of Arkansas at Little Rock,1974
Othella Harrington,206,106,Georgetown University,1974
Mark Hendrickson,206,99,Washington State University,1974
Kerry Kittles,196,81,Villanova University,1974
Travis Knight,213,106,University of Connecticut,1974
Walter McCarty,208,104,University of Kentucky,1974
Jeff McInnis,193,86,University of North Carolina,1974
Martin Muursepp,206,106,,1974
Steve Nash,190,88,Santa Clara University,1974
Chris Robinson,196,90,Western Kentucky University,1974
Malik Rose,201,113,Drexel University,1974
Jason Sasser,201,102,Texas Tech University,1974
Ben Wallace,206,108,Virginia Union University,1974
John Wallace,203,102,Syracuse University,1974
Tariq Abdul-Wahad,198,101,San Jose State University,1974
Derek Anderson,196,87,University of Kentucky,1974
Keith Booth,198,102,University of Maryland,1974
Kelvin Cato,211,115,Iowa State University,1974
William Cunningham,211,113,Temple University,1974
Kiwane Garris,188,83,University of Illinois at Urbana-Champaign,1974
Derek Grimm,206,104,University of Missouri,1974
Jerald Honeycutt,206,111,Tulane University,1974
Jason Lawson,211,108,Villanova University,1974
Johnny Taylor,206,99,University of Tennessee at Chattanooga,1974
Eric Washington,193,86,University of Alabama,1974
Bubba Wells,196,104,Austin Peay State University,1974
Bryce Drew,188,83,Valparaiso University,1974
Paul Grant,213,111,University of Wisconsin,1974
Jonathan Kerner,211,111,East Carolina University,1974
Felipe Lopez,196,90,St. John's University,1974
Jeffrey Sheppard,190,86,University of Kentucky,1974
Alvin Sims,193,106,University of Louisville,1974
Trevor Winter,213,124,University of Minnesota,1974
Chucky Atkins,180,72,University of South Florida,1974
Adrian Griffin,196,98,Seton Hall University,1974
Dedric Willoughby,190,81,Iowa State University,1974
Metta World,190,81,,1974
Mike Penberthy,190,83,Master's College,1974
Horace Jenkins,185,81,William Paterson University,1974
Ibo Kutluay,198,90,,1974
Markel Brown,190,83,Murray State University,1974
Chris Webber,206,111,University of Michigan,1973
Juwan Howard,206,108,University of Michigan,1973
Jason Kidd,193,92,University of California,1973
Donyell Marshall,206,98,University of Connecticut,1973
Lamond Murray,201,107,University of California,1973
Glenn Robinson,201,102,Purdue University,1973
Jalen Rose,203,95,University of Michigan,1973
Sharone Wright,211,117,Clemson University,1973
Cory Alexander,185,83,University of Virginia,1973
Jerome Allen,193,83,University of Pennsylvania,1973
Mario Bennett,198,106,Arizona State University,1973
Donnie Boyce,196,88,University of Colorado,1973
Junior Burrough,203,109,University of Virginia,1973
Jason Caffey,203,115,University of Alabama,1973
Andrew DeClercq,208,104,University of Florida,1973
Tyus Edney,178,68,University of California; Los Angeles,1973
Michael Finley,201,97,University of Wisconsin,1973
Voshon Lenard,193,92,University of Minnesota,1973
Donny Marshall,206,98,University of Connecticut,1973
Greg Ostertag,218,127,University of Kansas,1973
Cherokee Parks,196,95,Idaho State University,1973
Theo Ratliff,208,102,University of Wyoming,1973
Bryant Reeves,213,124,Oklahoma State University,1973
Don Reid,203,113,Georgetown University,1973
Terrence Rencher,190,83,University of Texas at Austin,1973
Eric Snow,190,86,Michigan State University,1973
Damon Stoudamire,178,77,University of Arizona,1973
Bob Sura,196,90,Florida State University,1973
Larry Sykes,206,115,Xavier University,1973
George Zidek,213,113,University of California; Los Angeles,1973
Shandon Anderson,198,94,University of Georgia,1973
Nate Driggers,196,97,University of Montevallo,1973
Brian Evans,203,99,Indiana University,1973
Reggie Geary,188,84,University of Arizona,1973
Darvin Ham,201,99,Texas Tech University,1973
Steve Hamer,213,111,University of Tennessee,1973
Priest Lauderdale,224,147,Central State University,1973
Horacio Llamas,211,129,Grand Canyon University,1973
Amal McCaskill,211,106,Marquette University,1973
Moochie Norris,185,79,University of West Florida,1973
Joe Stephens,201,95,University of Arkansas at Little Rock,1973
Erick Strickland,190,95,University of Nebraska,1973
Jerome Williams,206,93,Georgetown University,1973
Drew Barry,196,86,Georgia Institute of Technology,1973
Etdrick Bohannon,206,99,Auburn University at Montgomery,1973
James Collins,193,88,Florida State University,1973
Bobby Jackson,185,83,University of Minnesota,1973
Rusty LaRue,188,95,Wake Forest University,1973
Jeff Nordgaard,201,102,University of Wisconsin-Green Bay,1973
Rodrick Rhodes,198,102,University of Southern California,1973
Kebu Stewart,203,108,California State University; Bakersfield,1973
DeJuan Wheat,183,74,University of Louisville,1973
Peter Aluma,208,117,Liberty University,1973
Makhtar N'Diaye,203,111,University of North Carolina,1973
Ira Bowman,196,88,University of Pennsylvania,1973
A.J. Bramlett,196,88,,1973
Jamel Thomas,198,97,Providence College,1973
Courtney Alexander,185,83,University of Virginia,1973
Jason Collier,193,88,Florida State University,1973
Ruben Garces,206,111,Providence College,1973
Garth Joseph,218,142,College of Saint Rose,1973
Mamadou N'Diaye,203,111,University of North Carolina,1973
Dragan Tarlac,208,117,,1973
David Vanterpool,196,90,St. Bonaventure University,1973
Ruben Wolkowyski,208,122,,1973
Jarron Collins,193,88,Florida State University,1973
Jason Collins,193,88,Florida State University,1973
Pat Burke,211,113,Auburn University,1973
Juaquin Hawkins,201,99,California State University; Long Beach,1973
Ben Handlogten,208,108,Western Michigan University,1973
James Thomas,198,97,Providence College,1973
Shaquille O'Neal*,216,147,Louisiana State University,1972
Shawn Bradley,229,106,Brigham Young University,1972
P.J. Brown,229,106,,1972
Jamal Mashburn,203,108,University of Kentucky,1972
Derrick Alston,211,102,Duquesne University,1972
Bill Curley,206,99,Boston College,1972
Yinka Dare,213,120,George Washington University,1972
Tony Dumas,198,86,University of Missouri-Kansas City,1972
Howard Eisley,188,80,Boston College,1972
Brian Grant,206,115,Xavier University,1972
Grant Hill,203,102,Duke University,1972
Ryan Lorthridge,193,86,Jackson State University,1972
Jim McIlvaine,216,108,Marquette University,1972
Aaron McKie,196,94,Temple University,1972
Derrick Phelps,193,82,University of North Carolina,1972
Khalid Reeves,190,90,University of Arizona,1972
Clifford Rozier,211,111,University of Louisville,1972
Dickey Simpkins,206,112,Providence College,1972
Jamie Watson,201,86,University of South Carolina,1972
Travis Best,180,82,Georgia Institute of Technology,1972
Melvin Booker,185,83,University of Missouri,1972
Randolph Childress,188,85,Wake Forest University,1972
Robert Churchwell,198,88,Georgetown University,1972
Sherell Ford,201,95,University of Illinois at Chicago,1972
Alan Henderson,206,106,Indiana University,1972
Fred Hoiberg,193,92,Iowa State University,1972
Frankie King,185,83,Western Carolina University,1972
Clint McDaniel,193,81,University of Arkansas,1972
Loren Meyer,208,116,Iowa State University,1972
Lawrence Moten,196,83,Syracuse University,1972
Howard Nathan,180,79,University of Louisiana at Monroe,1972
Ed O'Bannon,203,100,University of California; Los Angeles,1972
Shawn Respert,185,88,Michigan State University,1972
Lou Roe,201,99,University of Massachusetts Amherst,1972
Kurt Thomas,206,104,Texas Christian University,1972
Dwayne Whitfield,206,108,Jackson State University,1972
Eric Williams,203,99,Providence College,1972
Ben Davis,206,108,University of Arizona,1972
Devin Gray,201,108,Clemson University,1972
Michael Hawkins,183,80,Xavier University,1972
Ruben Nembhard,190,94,Weber State University,1972
Ray Owes,206,101,University of Arizona,1972
James Scott,198,81,St. John's University,1972
Shawnelle Scott,208,113,St. John's University,1972
Rick Brunson,193,86,Temple University,1972
Kevin Ollie,193,88,University of Connecticut,1972
Mark Pope,208,106,University of Kentucky,1972
Lazaro Borrell,203,99,,1972
Art Long,206,113,University of Cincinnati,1972
Zeljko Rebraca,213,116,,1972
Sharrod Ford,201,95,University of Illinois at Chicago,1972
Harold Miner,196,95,University of Southern California,1971
Tracy Murray,201,102,University of California; Los Angeles,1971
Vin Baker,211,105,University of Hartford,1971
Evers Burns,203,117,University of Maryland,1971
Scott Burrell,201,98,University of Connecticut,1971
Calbert Cheaney,201,94,Indiana University,1971
Terry Dehere,188,86,Seton Hall University,1971
Bill Edwards,203,97,Wright State University,1971
Doug Edwards,201,99,Florida State University,1971
Alphonso Ford,185,86,Mississippi Valley State University,1971
Anfernee Hardaway,201,88,University of Memphis,1971
Allan Houston,198,90,University of Tennessee,1971
Bobby Hurley,183,74,Duke University,1971
Darnell Mee,196,79,Western Kentucky University,1971
Gheorghe Muresan,231,137,,1971
Bo Outlaw,203,95,University of Houston,1971
Isaiah Rider,196,97,University of Nevada; Las Vegas,1971
Rodney Rogers,201,106,Wake Forest University,1971
Kevin Thompson,211,117,North Carolina State University,1971
Chris Whitney,183,76,Clemson University,1971
Aaron Williams,206,99,Xavier University,1971
Luther Wright,218,122,Seton Hall University,1971
Darrin Hancock,201,92,University of Kansas,1971
Askia Jones,196,90,Kansas State University,1971
Darrick Martin,180,77,University of California; Los Angeles,1971
Anthony Miller,206,102,Michigan State University,1971
Greg Minor,198,95,University of Louisville,1971
Eric Montross,213,122,University of North Carolina,1971
Dwayne Morton,201,88,University of Louisville,1971
Julius Nwosu,208,115,Liberty University,1971
Wesley Person,198,88,Auburn University,1971
Carlos Rogers,211,99,Tennessee State University,1971
Aaron Swinson,196,104,Auburn University,1971
Fred Vinson,193,86,Georgia Institute of Technology,1971
Monty Williams,203,102,University of Notre Dame,1971
Ashraf Amaya,203,104,Southern Illinois University,1971
Brent Barry,198,83,Oregon State University,1971
Corey Beck,185,86,University of Arkansas,1971
John Coker,213,114,Boise State University,1971
Anthony Goldwire,185,82,University of Houston,1971
Cuonzo Martin,196,96,Purdue University,1971
Logan Vander,203,97,University of Wisconsin-Green Bay,1971
Jeff Webster,203,105,University of Oklahoma,1971
Bruce Bowen,201,83,California State University; Fullerton,1971
Matt Maloney,190,87,University of Pennsylvania,1971
Roy Rogers,201,106,Wake Forest University,1971
Brent Scott,208,113,Rice University,1971
Ed Stokes,213,119,University of Arizona,1971
Kornel David,206,106,,1971
Andre Miller,206,102,Michigan State University,1971
Alton Ford,185,86,Mississippi Valley State University,1971
Antoine Rigaudeau,201,95,,1971
Mo Williams,203,102,University of Notre Dame,1971
Kenny Anderson,183,76,Georgia Institute of Technology,1970
Terrell Brandon,180,81,University of Oregon,1970
Sean Green,196,95,Iona College,1970
Stanley Roberts,213,129,Louisiana State University,1970
Eric Anderson,206,99,Indiana University,1970
Alex Blackwell,198,113,Monmouth University,1970
Dexter Cambridge,201,101,University of Texas at Austin,1970
Doug Christie,198,90,Pepperdine University,1970
Hubert Davis,196,83,University of North Carolina,1970
Todd Day,198,85,University of Arkansas,1970
Richard Dumas,190,77,Northeastern State University,1970
LaPhonso Ellis,203,108,University of Notre Dame,1970
Litterial Green,185,83,University of Georgia,1970
Robert Horry,206,99,University of Alabama,1970
Stephen Howard,206,102,DePaul University,1970
Jim Jackson,198,99,Ohio State University,1970
Dave Johnson,201,95,Syracuse University,1970
Adam Keefe,206,104,Stanford University,1970
Sam Mack,201,99,University of Houston,1970
Don MacLean,208,106,University of California; Los Angeles,1970
Lee Mayberry,185,78,University of Arkansas,1970
Oliver Miller,206,127,University of Arkansas,1970
Alonzo Mourning*,208,108,Georgetown University,1970
Malik Sealy,203,86,St. John's University,1970
Reggie Smith,208,108,Texas Christian University,1970
Latrell Sprewell,196,86,University of Alabama,1970
Bryant Stith,196,94,University of Virginia,1970
Clarence Weatherspoon,198,108,University of Southern Mississippi,1970
Marcus Webb,206,115,University of Alabama,1970
Robert Werdann,211,113,St. John's University,1970
Corey Williams,188,86,Oklahoma State University,1970
Randy Woods,178,83,La Salle University,1970
Dell Demps,190,92,University of the Pacific,1970
Acie Earl,208,108,University of Iowa,1970
Harold Ellis,196,90,Morehouse College,1970
Greg Graham,193,78,Indiana University,1970
Lucious Harris,196,86,California State University; Long Beach,1970
Antonio Harvey,211,102,Pfeiffer University,1970
Scott Haskin,211,113,Oregon State University,1970
Lindsey Hunter,188,77,Jackson State University,1970
Stanley Jackson,190,83,University of Alabama at Birmingham,1970
Chris Jent,201,99,Ohio State University,1970
Popeye Jones,203,113,Murray State University,1970
Adonis Jordan,180,77,University of Kansas,1970
Warren Kidd,206,106,Middle Tennessee State University,1970
George Lynch,203,98,University of North Carolina,1970
Malcolm Mackey,206,112,Georgia Institute of Technology,1970
Chris Mills,198,97,University of Arizona,1970
Mike Peplowski,208,122,Michigan State University,1970
Eric Riley,213,111,University of Michigan,1970
Bryon Russell,201,102,California State University; Long Beach,1970
Keith Tower,211,113,University of Notre Dame,1970
Nick Van,211,113,,1970
Rex Walters,193,86,University of Kansas,1970
Matt Wenstrom,216,113,University of North Carolina,1970
David Wesley,183,86,Baylor University,1970
Elmer Bennett,183,77,University of Notre Dame,1970
Tim Breaux,201,97,University of Wyoming,1970
Eric Mobley,211,106,University of Pittsburgh,1970
Ivano Newbill,206,111,Georgia Institute of Technology,1970
Eric Piatkowski,201,97,University of Nebraska,1970
Trevor Ruffin,185,83,University of Hawaii,1970
Reggie Slater,201,97,University of Wyoming,1970
Mark Strickland,206,95,Temple University,1970
Zan Tabak,213,111,,1970
Brooks Thompson,193,87,Oklahoma State University,1970
Charlie Ward,188,86,Florida State University,1970
John Amaechi,208,122,Pennsylvania State University,1970
Marques Bragg,203,104,Providence College,1970
Charles Claxton,213,120,University of Georgia,1970
Rastko Cvetkovic,216,117,,1970
Sasha Danilovic,196,90,,1970
Darryl Johnson,201,95,Syracuse University,1970
Rich Manning,211,114,University of Washington,1970
Todd Mundt,213,113,Delta State University,1970
Corliss Williamson,188,86,Oklahoma State University,1970
Dexter Boney,193,83,University of Nevada; Las Vegas,1970
Shane Heal,183,81,,1970
Kevin Salvadori,213,104,University of North Carolina,1970
Matt Steigenga,201,102,Michigan State University,1970
Tony Farmer,206,110,University of Nebraska,1970
Lawrence Funderburke,206,104,Ohio State University,1970
Stephen Jackson,190,83,University of Alabama at Birmingham,1970
Darius Johnson-Odom,201,95,Syracuse University,1970
